
-- SEED: Symptoms, Diagnoses, Symptom-Diagnosis Map, Lab Tests, Diagnosis-Lab Map

INSERT INTO public.symptoms (id, symptom_name, category) VALUES
  ('a0000001-0000-0000-0000-000000000001', 'fever', 'general'),
  ('a0000001-0000-0000-0000-000000000002', 'body ache', 'musculoskeletal'),
  ('a0000001-0000-0000-0000-000000000003', 'headache', 'neurological'),
  ('a0000001-0000-0000-0000-000000000004', 'vomiting', 'gastrointestinal'),
  ('a0000001-0000-0000-0000-000000000005', 'diarrhea', 'gastrointestinal'),
  ('a0000001-0000-0000-0000-000000000006', 'abdominal pain', 'gastrointestinal'),
  ('a0000001-0000-0000-0000-000000000007', 'cough', 'respiratory'),
  ('a0000001-0000-0000-0000-000000000008', 'breathlessness', 'respiratory'),
  ('a0000001-0000-0000-0000-000000000009', 'chest pain', 'cardiovascular'),
  ('a0000001-0000-0000-0000-000000000010', 'sweating', 'general'),
  ('a0000001-0000-0000-0000-000000000011', 'sore throat', 'ent'),
  ('a0000001-0000-0000-0000-000000000012', 'neck stiffness', 'neurological'),
  ('a0000001-0000-0000-0000-000000000013', 'severe headache', 'neurological'),
  ('a0000001-0000-0000-0000-000000000014', 'nausea', 'gastrointestinal'),
  ('a0000001-0000-0000-0000-000000000015', 'fatigue', 'general'),
  ('a0000001-0000-0000-0000-000000000016', 'chills', 'general'),
  ('a0000001-0000-0000-0000-000000000017', 'runny nose', 'ent'),
  ('a0000001-0000-0000-0000-000000000018', 'wheezing', 'respiratory'),
  ('a0000001-0000-0000-0000-000000000019', 'joint pain', 'musculoskeletal'),
  ('a0000001-0000-0000-0000-000000000020', 'rash', 'dermatological');

INSERT INTO public.diagnoses (id, diagnosis_name, icd10_code, category) VALUES
  ('b0000001-0000-0000-0000-000000000001', 'viral infection', 'B34.9', 'infectious'),
  ('b0000001-0000-0000-0000-000000000002', 'dengue', 'A90', 'infectious'),
  ('b0000001-0000-0000-0000-000000000003', 'malaria', 'B54', 'infectious'),
  ('b0000001-0000-0000-0000-000000000004', 'bacterial infection', 'A49.9', 'infectious'),
  ('b0000001-0000-0000-0000-000000000005', 'acute gastroenteritis', 'A09', 'gastrointestinal'),
  ('b0000001-0000-0000-0000-000000000006', 'food poisoning', 'A05.9', 'gastrointestinal'),
  ('b0000001-0000-0000-0000-000000000007', 'appendicitis', 'K35.9', 'gastrointestinal'),
  ('b0000001-0000-0000-0000-000000000008', 'community acquired pneumonia', 'J18.9', 'respiratory'),
  ('b0000001-0000-0000-0000-000000000009', 'acute bronchitis', 'J20.9', 'respiratory'),
  ('b0000001-0000-0000-0000-000000000010', 'influenza', 'J11.1', 'respiratory'),
  ('b0000001-0000-0000-0000-000000000011', 'myocardial infarction', 'I21.9', 'cardiovascular'),
  ('b0000001-0000-0000-0000-000000000012', 'pulmonary embolism', 'I26.9', 'cardiovascular'),
  ('b0000001-0000-0000-0000-000000000013', 'aortic dissection', 'I71.0', 'cardiovascular'),
  ('b0000001-0000-0000-0000-000000000014', 'viral pharyngitis', 'J02.9', 'ent'),
  ('b0000001-0000-0000-0000-000000000015', 'strep throat', 'J02.0', 'ent'),
  ('b0000001-0000-0000-0000-000000000016', 'meningitis', 'G03.9', 'neurological'),
  ('b0000001-0000-0000-0000-000000000017', 'migraine', 'G43.9', 'neurological'),
  ('b0000001-0000-0000-0000-000000000018', 'typhoid', 'A01.0', 'infectious'),
  ('b0000001-0000-0000-0000-000000000019', 'urinary tract infection', 'N39.0', 'genitourinary'),
  ('b0000001-0000-0000-0000-000000000020', 'sepsis', 'A41.9', 'infectious');

INSERT INTO public.symptom_diagnosis_map (symptom_id, diagnosis_id, confidence_score) VALUES
  ('a0000001-0000-0000-0000-000000000001', 'b0000001-0000-0000-0000-000000000001', 0.85),
  ('a0000001-0000-0000-0000-000000000002', 'b0000001-0000-0000-0000-000000000001', 0.70),
  ('a0000001-0000-0000-0000-000000000003', 'b0000001-0000-0000-0000-000000000001', 0.60),
  ('a0000001-0000-0000-0000-000000000001', 'b0000001-0000-0000-0000-000000000002', 0.80),
  ('a0000001-0000-0000-0000-000000000002', 'b0000001-0000-0000-0000-000000000002', 0.75),
  ('a0000001-0000-0000-0000-000000000003', 'b0000001-0000-0000-0000-000000000002', 0.65),
  ('a0000001-0000-0000-0000-000000000019', 'b0000001-0000-0000-0000-000000000002', 0.70),
  ('a0000001-0000-0000-0000-000000000001', 'b0000001-0000-0000-0000-000000000003', 0.80),
  ('a0000001-0000-0000-0000-000000000016', 'b0000001-0000-0000-0000-000000000003', 0.70),
  ('a0000001-0000-0000-0000-000000000003', 'b0000001-0000-0000-0000-000000000003', 0.55),
  ('a0000001-0000-0000-0000-000000000010', 'b0000001-0000-0000-0000-000000000003', 0.60),
  ('a0000001-0000-0000-0000-000000000001', 'b0000001-0000-0000-0000-000000000004', 0.75),
  ('a0000001-0000-0000-0000-000000000002', 'b0000001-0000-0000-0000-000000000004', 0.55),
  ('a0000001-0000-0000-0000-000000000004', 'b0000001-0000-0000-0000-000000000005', 0.90),
  ('a0000001-0000-0000-0000-000000000005', 'b0000001-0000-0000-0000-000000000005', 0.85),
  ('a0000001-0000-0000-0000-000000000006', 'b0000001-0000-0000-0000-000000000005', 0.80),
  ('a0000001-0000-0000-0000-000000000014', 'b0000001-0000-0000-0000-000000000005', 0.70),
  ('a0000001-0000-0000-0000-000000000004', 'b0000001-0000-0000-0000-000000000006', 0.85),
  ('a0000001-0000-0000-0000-000000000005', 'b0000001-0000-0000-0000-000000000006', 0.80),
  ('a0000001-0000-0000-0000-000000000006', 'b0000001-0000-0000-0000-000000000006', 0.65),
  ('a0000001-0000-0000-0000-000000000006', 'b0000001-0000-0000-0000-000000000007', 0.85),
  ('a0000001-0000-0000-0000-000000000004', 'b0000001-0000-0000-0000-000000000007', 0.55),
  ('a0000001-0000-0000-0000-000000000001', 'b0000001-0000-0000-0000-000000000007', 0.40),
  ('a0000001-0000-0000-0000-000000000001', 'b0000001-0000-0000-0000-000000000008', 0.80),
  ('a0000001-0000-0000-0000-000000000007', 'b0000001-0000-0000-0000-000000000008', 0.90),
  ('a0000001-0000-0000-0000-000000000008', 'b0000001-0000-0000-0000-000000000008', 0.85),
  ('a0000001-0000-0000-0000-000000000007', 'b0000001-0000-0000-0000-000000000009', 0.85),
  ('a0000001-0000-0000-0000-000000000001', 'b0000001-0000-0000-0000-000000000009', 0.60),
  ('a0000001-0000-0000-0000-000000000008', 'b0000001-0000-0000-0000-000000000009', 0.55),
  ('a0000001-0000-0000-0000-000000000001', 'b0000001-0000-0000-0000-000000000010', 0.85),
  ('a0000001-0000-0000-0000-000000000007', 'b0000001-0000-0000-0000-000000000010', 0.75),
  ('a0000001-0000-0000-0000-000000000002', 'b0000001-0000-0000-0000-000000000010', 0.70),
  ('a0000001-0000-0000-0000-000000000003', 'b0000001-0000-0000-0000-000000000010', 0.55),
  ('a0000001-0000-0000-0000-000000000009', 'b0000001-0000-0000-0000-000000000011', 0.90),
  ('a0000001-0000-0000-0000-000000000008', 'b0000001-0000-0000-0000-000000000011', 0.75),
  ('a0000001-0000-0000-0000-000000000010', 'b0000001-0000-0000-0000-000000000011', 0.70),
  ('a0000001-0000-0000-0000-000000000009', 'b0000001-0000-0000-0000-000000000012', 0.80),
  ('a0000001-0000-0000-0000-000000000008', 'b0000001-0000-0000-0000-000000000012', 0.85),
  ('a0000001-0000-0000-0000-000000000010', 'b0000001-0000-0000-0000-000000000012', 0.55),
  ('a0000001-0000-0000-0000-000000000009', 'b0000001-0000-0000-0000-000000000013', 0.85),
  ('a0000001-0000-0000-0000-000000000010', 'b0000001-0000-0000-0000-000000000013', 0.60),
  ('a0000001-0000-0000-0000-000000000011', 'b0000001-0000-0000-0000-000000000014', 0.90),
  ('a0000001-0000-0000-0000-000000000001', 'b0000001-0000-0000-0000-000000000014', 0.65),
  ('a0000001-0000-0000-0000-000000000011', 'b0000001-0000-0000-0000-000000000015', 0.85),
  ('a0000001-0000-0000-0000-000000000001', 'b0000001-0000-0000-0000-000000000015', 0.70),
  ('a0000001-0000-0000-0000-000000000013', 'b0000001-0000-0000-0000-000000000016', 0.90),
  ('a0000001-0000-0000-0000-000000000001', 'b0000001-0000-0000-0000-000000000016', 0.75),
  ('a0000001-0000-0000-0000-000000000012', 'b0000001-0000-0000-0000-000000000016', 0.90),
  ('a0000001-0000-0000-0000-000000000001', 'b0000001-0000-0000-0000-000000000018', 0.80),
  ('a0000001-0000-0000-0000-000000000003', 'b0000001-0000-0000-0000-000000000018', 0.65),
  ('a0000001-0000-0000-0000-000000000006', 'b0000001-0000-0000-0000-000000000018', 0.55),
  ('a0000001-0000-0000-0000-000000000001', 'b0000001-0000-0000-0000-000000000020', 0.70),
  ('a0000001-0000-0000-0000-000000000010', 'b0000001-0000-0000-0000-000000000020', 0.65),
  ('a0000001-0000-0000-0000-000000000008', 'b0000001-0000-0000-0000-000000000020', 0.60);

INSERT INTO public.lab_tests (id, test_name, category) VALUES
  ('c0000001-0000-0000-0000-000000000001', 'CBC', 'hematology'),
  ('c0000001-0000-0000-0000-000000000002', 'CRP', 'biochemistry'),
  ('c0000001-0000-0000-0000-000000000003', 'Dengue NS1', 'serology'),
  ('c0000001-0000-0000-0000-000000000004', 'Malaria smear', 'parasitology'),
  ('c0000001-0000-0000-0000-000000000005', 'Stool culture', 'microbiology'),
  ('c0000001-0000-0000-0000-000000000006', 'Electrolytes', 'biochemistry'),
  ('c0000001-0000-0000-0000-000000000007', 'Chest X-ray', 'radiology'),
  ('c0000001-0000-0000-0000-000000000008', 'ECG', 'cardiology'),
  ('c0000001-0000-0000-0000-000000000009', 'Troponin', 'biochemistry'),
  ('c0000001-0000-0000-0000-000000000010', 'CT angiography', 'radiology'),
  ('c0000001-0000-0000-0000-000000000011', 'Blood culture', 'microbiology'),
  ('c0000001-0000-0000-0000-000000000012', 'CSF analysis', 'microbiology'),
  ('c0000001-0000-0000-0000-000000000013', 'Ultrasound abdomen', 'radiology'),
  ('c0000001-0000-0000-0000-000000000014', 'Rapid Strep test', 'microbiology'),
  ('c0000001-0000-0000-0000-000000000015', 'Widal test', 'serology'),
  ('c0000001-0000-0000-0000-000000000016', 'D-dimer', 'hematology'),
  ('c0000001-0000-0000-0000-000000000017', 'Procalcitonin', 'biochemistry'),
  ('c0000001-0000-0000-0000-000000000018', 'LFT', 'biochemistry'),
  ('c0000001-0000-0000-0000-000000000019', 'RFT', 'biochemistry'),
  ('c0000001-0000-0000-0000-000000000020', 'Urine routine', 'microbiology');

INSERT INTO public.diagnosis_lab_map (diagnosis_id, lab_test_id, priority) VALUES
  ('b0000001-0000-0000-0000-000000000001', 'c0000001-0000-0000-0000-000000000001', 'high'),
  ('b0000001-0000-0000-0000-000000000001', 'c0000001-0000-0000-0000-000000000002', 'medium'),
  ('b0000001-0000-0000-0000-000000000002', 'c0000001-0000-0000-0000-000000000001', 'high'),
  ('b0000001-0000-0000-0000-000000000002', 'c0000001-0000-0000-0000-000000000003', 'high'),
  ('b0000001-0000-0000-0000-000000000003', 'c0000001-0000-0000-0000-000000000004', 'high'),
  ('b0000001-0000-0000-0000-000000000003', 'c0000001-0000-0000-0000-000000000001', 'high'),
  ('b0000001-0000-0000-0000-000000000004', 'c0000001-0000-0000-0000-000000000001', 'high'),
  ('b0000001-0000-0000-0000-000000000004', 'c0000001-0000-0000-0000-000000000002', 'high'),
  ('b0000001-0000-0000-0000-000000000004', 'c0000001-0000-0000-0000-000000000011', 'medium'),
  ('b0000001-0000-0000-0000-000000000005', 'c0000001-0000-0000-0000-000000000005', 'high'),
  ('b0000001-0000-0000-0000-000000000005', 'c0000001-0000-0000-0000-000000000006', 'high'),
  ('b0000001-0000-0000-0000-000000000006', 'c0000001-0000-0000-0000-000000000005', 'high'),
  ('b0000001-0000-0000-0000-000000000006', 'c0000001-0000-0000-0000-000000000006', 'medium'),
  ('b0000001-0000-0000-0000-000000000007', 'c0000001-0000-0000-0000-000000000001', 'high'),
  ('b0000001-0000-0000-0000-000000000007', 'c0000001-0000-0000-0000-000000000013', 'high'),
  ('b0000001-0000-0000-0000-000000000008', 'c0000001-0000-0000-0000-000000000001', 'high'),
  ('b0000001-0000-0000-0000-000000000008', 'c0000001-0000-0000-0000-000000000007', 'high'),
  ('b0000001-0000-0000-0000-000000000008', 'c0000001-0000-0000-0000-000000000002', 'medium'),
  ('b0000001-0000-0000-0000-000000000009', 'c0000001-0000-0000-0000-000000000007', 'medium'),
  ('b0000001-0000-0000-0000-000000000009', 'c0000001-0000-0000-0000-000000000001', 'medium'),
  ('b0000001-0000-0000-0000-000000000010', 'c0000001-0000-0000-0000-000000000001', 'medium'),
  ('b0000001-0000-0000-0000-000000000011', 'c0000001-0000-0000-0000-000000000008', 'high'),
  ('b0000001-0000-0000-0000-000000000011', 'c0000001-0000-0000-0000-000000000009', 'high'),
  ('b0000001-0000-0000-0000-000000000011', 'c0000001-0000-0000-0000-000000000001', 'medium'),
  ('b0000001-0000-0000-0000-000000000012', 'c0000001-0000-0000-0000-000000000010', 'high'),
  ('b0000001-0000-0000-0000-000000000012', 'c0000001-0000-0000-0000-000000000016', 'high'),
  ('b0000001-0000-0000-0000-000000000012', 'c0000001-0000-0000-0000-000000000008', 'high'),
  ('b0000001-0000-0000-0000-000000000013', 'c0000001-0000-0000-0000-000000000010', 'high'),
  ('b0000001-0000-0000-0000-000000000013', 'c0000001-0000-0000-0000-000000000008', 'high'),
  ('b0000001-0000-0000-0000-000000000014', 'c0000001-0000-0000-0000-000000000001', 'low'),
  ('b0000001-0000-0000-0000-000000000015', 'c0000001-0000-0000-0000-000000000014', 'high'),
  ('b0000001-0000-0000-0000-000000000015', 'c0000001-0000-0000-0000-000000000001', 'medium'),
  ('b0000001-0000-0000-0000-000000000016', 'c0000001-0000-0000-0000-000000000012', 'high'),
  ('b0000001-0000-0000-0000-000000000016', 'c0000001-0000-0000-0000-000000000011', 'high'),
  ('b0000001-0000-0000-0000-000000000016', 'c0000001-0000-0000-0000-000000000001', 'high'),
  ('b0000001-0000-0000-0000-000000000018', 'c0000001-0000-0000-0000-000000000015', 'high'),
  ('b0000001-0000-0000-0000-000000000018', 'c0000001-0000-0000-0000-000000000011', 'medium'),
  ('b0000001-0000-0000-0000-000000000018', 'c0000001-0000-0000-0000-000000000001', 'high'),
  ('b0000001-0000-0000-0000-000000000020', 'c0000001-0000-0000-0000-000000000011', 'high'),
  ('b0000001-0000-0000-0000-000000000020', 'c0000001-0000-0000-0000-000000000001', 'high'),
  ('b0000001-0000-0000-0000-000000000020', 'c0000001-0000-0000-0000-000000000017', 'high');
